{"vertices":[[-0.5257311121191336,0.85065080835204,0],[0.5257311121191336,0.85065080835204,0],[-0.5257311121191336,-0.85065080835204,0],[0.5257311121191336,-0.85065080835204,0],[0,-0.5257311121191336,0.85065080835204],[0,0.5257311121191336,0.85065080835204],[0,-0.5257311121191336,-0.85065080835204],[0,0.5257311121191336,-0.85065080835204],[0.85065080835204,0,-0.5257311121191336],[0.85065080835204,0,0.5257311121191336],[-0.85065080835204,0,-0.5257311121191336],[-0.85065080835204,0,0.5257311121191336],[-0.8090169943749475,0.5000000000000001,0.30901699437494745],[-0.5000000000000001,0.30901699437494745,0.8090169943749475],[-0.3090169943749474,0.8090169943749473,0.5],[0.3090169943749474,0.8090169943749473,0.5],[0,1,0],[0.3090169943749474,0.8090169943749473,-0.5],[-0.3090169943749474,0.8090169943749473,-0.5],[-0.5000000000000001,0.30901699437494745,-0.8090169943749475],[-0.8090169943749475,0.5000000000000001,-0.30901699437494745],[-1,0,0],[0.5000000000000001,0.30901699437494745,0.8090169943749475],[0.8090169943749475,0.5000000000000001,0.30901699437494745],[-0.5000000000000001,-0.30901699437494745,0.8090169943749475],[0,0,1],[-0.8090169943749475,-0.5000000000000001,-0.30901699437494745],[-0.8090169943749475,-0.5000000000000001,0.30901699437494745],[0,0,-1],[-0.5000000000000001,-0.30901699437494745,-0.8090169943749475],[0.8090169943749475,0.5000000000000001,-0.30901699437494745],[0.5000000000000001,0.30901699437494745,-0.8090169943749475],[0.8090169943749475,-0.5000000000000001,0.30901699437494745],[0.5000000000000001,-0.30901699437494745,0.8090169943749475],[0.3090169943749474,-0.8090169943749473,0.5],[-0.3090169943749474,-0.8090169943749473,0.5],[0,-1,0],[-0.3090169943749474,-0.8090169943749473,-0.5],[0.3090169943749474,-0.8090169943749473,-0.5],[0.5000000000000001,-0.30901699437494745,-0.8090169943749475],[0.8090169943749475,-0.5000000000000001,-0.30901699437494745],[1,0,0]],"faces":[[0,12,14],[11,13,12],[5,14,13],[12,13,14],[0,14,16],[5,15,14],[1,16,15],[14,15,16],[0,16,18],[1,17,16],[7,18,17],[16,17,18],[0,18,20],[7,19,18],[10,20,19],[18,19,20],[0,20,12],[10,21,20],[11,12,21],[20,21,12],[1,15,23],[5,22,15],[9,23,22],[15,22,23],[5,13,25],[11,24,13],[4,25,24],[13,24,25],[11,21,27],[10,26,21],[2,27,26],[21,26,27],[10,19,29],[7,28,19],[6,29,28],[19,28,29],[7,17,31],[1,30,17],[8,31,30],[17,30,31],[3,32,34],[9,33,32],[4,34,33],[32,33,34],[3,34,36],[4,35,34],[2,36,35],[34,35,36],[3,36,38],[2,37,36],[6,38,37],[36,37,38],[3,38,40],[6,39,38],[8,40,39],[38,39,40],[3,40,32],[8,41,40],[9,32,41],[40,41,32],[4,33,25],[9,22,33],[5,25,22],[33,22,25],[2,35,27],[4,24,35],[11,27,24],[35,24,27],[6,37,29],[2,26,37],[10,29,26],[37,26,29],[8,39,31],[6,28,39],[7,31,28],[39,28,31],[9,41,23],[8,30,41],[1,23,30],[41,30,23]]}