{
  "schema_version": 1,
  "name": "cube-space-diagonal",
  "note": "antipodal corners",
  "mesh": {
    "vertices": [
      [
        0.0,
        0.0,
        0.0
      ],
      [
        1.0,
        0.0,
        0.0
      ],
      [
        1.0,
        1.0,
        0.0
      ],
      [
        0.0,
        1.0,
        0.0
      ],
      [
        0.0,
        0.0,
        1.0
      ],
      [
        1.0,
        0.0,
        1.0
      ],
      [
        1.0,
        1.0,
        1.0
      ],
      [
        0.0,
        1.0,
        1.0
      ]
    ],
    "faces": [
      [
        0,
        2,
        1
      ],
      [
        0,
        3,
        2
      ],
      [
        4,
        5,
        6
      ],
      [
        4,
        6,
        7
      ],
      [
        0,
        1,
        5
      ],
      [
        0,
        5,
        4
      ],
      [
        3,
        7,
        6
      ],
      [
        3,
        6,
        2
      ],
      [
        0,
        4,
        7
      ],
      [
        0,
        7,
        3
      ],
      [
        1,
        2,
        6
      ],
      [
        1,
        6,
        5
      ]
    ]
  },
  "query": {
    "src": 0,
    "dst": 6
  },
  "expected": {
    "path_length": 2.23606797749979,
    "path_points": [
      [
        0.0,
        0.0,
        0.0
      ],
      [
        0.5000000000000007,
        0.0,
        1.0
      ],
      [
        1.0,
        1.0,
        1.0
      ]
    ]
  },
  "potpourri3d_version": "1.4.0"
}
