{
  "schema_version": 1,
  "name": "grid-edge",
  "note": "adjacent grid vertices",
  "mesh": {
    "vertices": [
      [
        0.0,
        0.0,
        0.0
      ],
      [
        0.3333333333333333,
        0.0,
        0.0
      ],
      [
        0.6666666666666666,
        0.0,
        0.0
      ],
      [
        1.0,
        0.0,
        0.0
      ],
      [
        0.0,
        0.3333333333333333,
        0.0
      ],
      [
        0.3333333333333333,
        0.3333333333333333,
        0.0
      ],
      [
        0.6666666666666666,
        0.3333333333333333,
        0.0
      ],
      [
        1.0,
        0.3333333333333333,
        0.0
      ],
      [
        0.0,
        0.6666666666666666,
        0.0
      ],
      [
        0.3333333333333333,
        0.6666666666666666,
        0.0
      ],
      [
        0.6666666666666666,
        0.6666666666666666,
        0.0
      ],
      [
        1.0,
        0.6666666666666666,
        0.0
      ],
      [
        0.0,
        1.0,
        0.0
      ],
      [
        0.3333333333333333,
        1.0,
        0.0
      ],
      [
        0.6666666666666666,
        1.0,
        0.0
      ],
      [
        1.0,
        1.0,
        0.0
      ]
    ],
    "faces": [
      [
        0,
        1,
        5
      ],
      [
        0,
        5,
        4
      ],
      [
        1,
        2,
        6
      ],
      [
        1,
        6,
        5
      ],
      [
        2,
        3,
        7
      ],
      [
        2,
        7,
        6
      ],
      [
        4,
        5,
        9
      ],
      [
        4,
        9,
        8
      ],
      [
        5,
        6,
        10
      ],
      [
        5,
        10,
        9
      ],
      [
        6,
        7,
        11
      ],
      [
        6,
        11,
        10
      ],
      [
        8,
        9,
        13
      ],
      [
        8,
        13,
        12
      ],
      [
        9,
        10,
        14
      ],
      [
        9,
        14,
        13
      ],
      [
        10,
        11,
        15
      ],
      [
        10,
        15,
        14
      ]
    ]
  },
  "query": {
    "src": 0,
    "dst": 1
  },
  "expected": {
    "path_length": 0.3333333333333333,
    "path_points": [
      [
        0.0,
        0.0,
        0.0
      ],
      [
        0.3333333333333333,
        0.0,
        0.0
      ]
    ]
  },
  "potpourri3d_version": "1.4.0"
}
