{
  "schema_version": 1,
  "name": "icosahedron-edge",
  "note": "adjacent vertices, single edge",
  "mesh": {
    "vertices": [
      [
        -0.5257311121191336,
        0.85065080835204,
        0.0
      ],
      [
        0.5257311121191336,
        0.85065080835204,
        0.0
      ],
      [
        -0.5257311121191336,
        -0.85065080835204,
        0.0
      ],
      [
        0.5257311121191336,
        -0.85065080835204,
        0.0
      ],
      [
        0.0,
        -0.5257311121191336,
        0.85065080835204
      ],
      [
        0.0,
        0.5257311121191336,
        0.85065080835204
      ],
      [
        0.0,
        -0.5257311121191336,
        -0.85065080835204
      ],
      [
        0.0,
        0.5257311121191336,
        -0.85065080835204
      ],
      [
        0.85065080835204,
        0.0,
        -0.5257311121191336
      ],
      [
        0.85065080835204,
        0.0,
        0.5257311121191336
      ],
      [
        -0.85065080835204,
        0.0,
        -0.5257311121191336
      ],
      [
        -0.85065080835204,
        0.0,
        0.5257311121191336
      ]
    ],
    "faces": [
      [
        0,
        11,
        5
      ],
      [
        0,
        5,
        1
      ],
      [
        0,
        1,
        7
      ],
      [
        0,
        7,
        10
      ],
      [
        0,
        10,
        11
      ],
      [
        1,
        5,
        9
      ],
      [
        5,
        11,
        4
      ],
      [
        11,
        10,
        2
      ],
      [
        10,
        7,
        6
      ],
      [
        7,
        1,
        8
      ],
      [
        3,
        9,
        4
      ],
      [
        3,
        4,
        2
      ],
      [
        3,
        2,
        6
      ],
      [
        3,
        6,
        8
      ],
      [
        3,
        8,
        9
      ],
      [
        4,
        9,
        5
      ],
      [
        2,
        4,
        11
      ],
      [
        6,
        2,
        10
      ],
      [
        8,
        6,
        7
      ],
      [
        9,
        8,
        1
      ]
    ]
  },
  "query": {
    "src": 0,
    "dst": 1
  },
  "expected": {
    "path_length": 1.0514622242382672,
    "path_points": [
      [
        -0.5257311121191336,
        0.85065080835204,
        0.0
      ],
      [
        0.5257311121191336,
        0.85065080835204,
        0.0
      ]
    ]
  },
  "potpourri3d_version": "1.4.0"
}
